Title,Chapter
Komik From Goblin to Goblin God,Chapter 56
Komik Tsuihou Sareta Tenshou Juu Kishi wa Game Chishiki de Musou Suru,Chapter 112
Komik Solo Farming In The Tower,Chapter 100
Komik There Are No Bad Heroes In This World,Chapter 32
Komik Eternally Regressing Knight,Chapter 56
Komik Survive as a Barbarian in the Game,Chapter 103
Komik The Indomitable Martial King,Chapter 80
Komik Devil Returns To School Days,Chapter 87
Komik Evolution Begins With A Big Tree,Chapter 367
Komik Bones,Chapter 30
